{
  "total_tests": 4,
  "successful_tests": 4,
  "failed_tests": 0,
  "by_model": {
    "gpt-4o-mini": {
      "total": 4,
      "success": 4,
      "full_success": 2,
      "partial_success": 2,
      "avg_score": 0.8276005952778459,
      "avg_phase2_score": 0.8276005952778459,
      "avg_quality_score": 0.7621618694013357,
      "scores": [
        0.8405472686886788,
        0.7566398815989495,
        0.9252271468937396,
        0.7879880839300156
      ],
      "phase2_scores": [
        0.8405472686886788,
        0.7566398815989495,
        0.9252271468937396,
        0.7879880839300156
      ],
      "quality_scores": [
        0.8810945373773574,
        0.5132797631978989,
        0.8782970091700554,
        0.7759761678600312
      ],
      "weighted_success_score": 0.75,
      "avg_execution_steps": 4.25,
      "success_rate": 1.0,
      "full_success_rate": 0.5,
      "partial_success_rate": 0.5
    }
  },
  "by_prompt_type": {
    "baseline": {
      "total": 2,
      "success": 2,
      "avg_score": 0.8828872077912092,
      "avg_phase2_score": 0.8828872077912092
    },
    "optimal": {
      "total": 2,
      "success": 2,
      "avg_score": 0.7723139827644825,
      "avg_phase2_score": 0.7723139827644825
    }
  },
  "by_task_type": {
    "simple_task": {
      "total": 4,
      "success": 4,
      "avg_score": 0.8276005952778459,
      "avg_phase2_score": 0.8276005952778459
    }
  },
  "phase2_metrics": {
    "avg_phase2_score": 0.8276005952778459,
    "avg_quality_score": 0.7621618694013357,
    "avg_workflow_score": 0.8383093470066787,
    "full_success_rate": 0.5,
    "partial_success_rate": 0.5
  },
  "execution_metrics": {
    "avg_execution_time": 4.891061186790466,
    "avg_tool_calls": 4.25,
    "tool_success_rate": 0.7625
  },
  "comprehensive_metrics": {
    "weighted_success_score": 0.75,
    "avg_execution_steps": 4.25,
    "tool_coverage_rate": 0.16666666666666666,
    "tool_selection_accuracy": 1.0,
    "sequence_correctness_rate": 0.75,
    "prompt_sensitivity_index": 0.055286612513363365
  },
  "error_analysis": {
    "tool_selection_error_rate": 0.0,
    "param_config_error_rate": 0.0,
    "sequence_order_error_rate": 0.0,
    "dependency_error_rate": 0.0,
    "main_error_patterns": []
  },
  "task_difficulty_breakdown": {
    "simple_success_rate": 1.0,
    "medium_success_rate": 0.0,
    "hard_success_rate": 0.0
  }
}