{
  "total_tests": 4,
  "successful_tests": 4,
  "failed_tests": 0,
  "by_model": {
    "gpt-4o-mini": {
      "total": 2,
      "success": 2,
      "avg_score": 0.8030124666690828,
      "scores": [
        0.777097456932068,
        0.8289274764060975
      ],
      "success_rate": 1.0
    },
    "claude37_sonnet": {
      "total": 2,
      "success": 2,
      "avg_score": 0.8542247052788735,
      "scores": [
        0.9054726868867875,
        0.8029767236709595
      ],
      "success_rate": 1.0
    }
  },
  "by_prompt_type": {},
  "by_task_type": {}
}