{
  "total_tests": 4,
  "successful_tests": 3,
  "failed_tests": 1,
  "by_model": {
    "gpt-4o-mini": {
      "total": 2,
      "success": 2,
      "avg_score": 0.7726697662234308,
      "scores": [
        0.708940716457367,
        0.8363988159894944
      ],
      "success_rate": 1.0
    },
    "claude37_sonnet": {
      "total": 2,
      "success": 1,
      "avg_score": 0.7552533852855365,
      "scores": [
        0.9054726868867875,
        0.6050340836842856
      ],
      "success_rate": 0.5
    }
  },
  "by_prompt_type": {},
  "by_task_type": {}
}