{
  "total_tests": 16,
  "successful_tests": 0,
  "failed_tests": 16,
  "by_model": {
    "qwen2.5-3b-instruct": {
      "total": 16,
      "success": 0,
      "full_success": 0,
      "partial_success": 0,
      "avg_score": 0.05837971622586251,
      "avg_phase2_score": 0.05837971622586251,
      "avg_quality_score": 0.08691657413721085,
      "scores": [
        0.025,
        0.025,
        0.025,
        0.025,
        0.025,
        0.025,
        0.025,
        0.025,
        0.025,
        0.025,
        0.025,
        0.5590754596138001,
        0.025,
        0.025,
        0.025,
        0.025
      ],
      "phase2_scores": [
        0.025,
        0.025,
        0.025,
        0.025,
        0.025,
        0.025,
        0.025,
        0.025,
        0.025,
        0.025,
        0.025,
        0.5590754596138001,
        0.025,
        0.025,
        0.025,
        0.025
      ],
      "quality_scores": [
        0.05,
        0.05,
        0.05,
        0.05,
        0.05,
        0.05,
        0.05,
        0.05,
        0.05,
        0.05,
        0.05,
        0.6406651861953736,
        0.05,
        0.05,
        0.05,
        0.05
      ],
      "weighted_success_score": 0.0,
      "avg_execution_steps": 0.0625,
      "success_rate": 0.0,
      "full_success_rate": 0.0,
      "partial_success_rate": 0.0,
      "tool_coverage_rate": 0.03333333333333333,
      "prompt_sensitivity_index": 0.019074123557635717
    }
  },
  "by_prompt_type": {
    "baseline": {
      "total": 2,
      "success": 0,
      "avg_score": 0.025,
      "avg_phase2_score": 0.025
    }
  },
  "by_task_type": {
    "simple_task": {
      "total": 16,
      "success": 0,
      "avg_score": 0.05837971622586251,
      "avg_phase2_score": 0.05837971622586251
    }
  },
  "phase2_metrics": {
    "avg_phase2_score": 0.05837971622586251,
    "avg_quality_score": 0.08691657413721085,
    "avg_workflow_score": 0.03150983835756779,
    "full_success_rate": 0.0,
    "partial_success_rate": 0.0
  },
  "execution_metrics": {
    "avg_execution_time": 14.187284395098686,
    "avg_tool_calls": 0.0625,
    "tool_success_rate": 1.0
  },
  "comprehensive_metrics": {
    "weighted_success_score": 0.0,
    "avg_execution_steps": 0.0625,
    "tool_coverage_rate": 0.03333333333333333,
    "tool_selection_accuracy": 0.0,
    "sequence_correctness_rate": 0.3333333333333333,
    "prompt_sensitivity_index": 0.019074123557635717,
    "efficiency_per_param": {}
  },
  "error_analysis": {
    "tool_selection_error_rate": 0.0,
    "param_config_error_rate": 0.0,
    "sequence_order_error_rate": 0.0,
    "dependency_error_rate": 0.0,
    "main_error_patterns": []
  },
  "task_difficulty_breakdown": {
    "simple_success_rate": 0.0,
    "medium_success_rate": 0.0,
    "hard_success_rate": 0.0
  },
  "robustness_metrics": {
    "sequence_disorder": 0.0,
    "tool_misuse": 0.0,
    "parameter_error": 0.0,
    "missing_step": 0.0,
    "redundant_operations": 0.0,
    "logical_inconsistency": 0.0,
    "semantic_drift": 0.0,
    "null": 0.0
  },
  "tool_reliability_sensitivity": {
    "success_rate_90": 0.0,
    "success_rate_80": 0.0,
    "success_rate_70": 0.0,
    "success_rate_60": 0.0
  }
}