{
  "total_tests": 2,
  "successful_tests": 2,
  "failed_tests": 0,
  "by_model": {
    "gpt-4o-mini": {
      "total": 2,
      "success": 2,
      "full_success": 1,
      "partial_success": 1,
      "avg_score": 0.8293769195445947,
      "avg_phase2_score": 0.8293769195445947,
      "avg_quality_score": 0.7661211843541691,
      "scores": [
        0.8182065704005106,
        0.8405472686886788
      ],
      "phase2_scores": [
        0.8182065704005106,
        0.8405472686886788
      ],
      "quality_scores": [
        0.6511478313309806,
        0.8810945373773574
      ],
      "weighted_success_score": 0.75,
      "avg_execution_steps": 5.5,
      "success_rate": 1.0,
      "full_success_rate": 0.5,
      "partial_success_rate": 0.5
    }
  },
  "by_prompt_type": {
    "baseline": {
      "total": 1,
      "success": 1,
      "avg_score": 0.8182065704005106,
      "avg_phase2_score": 0.8182065704005106
    },
    "optimal": {
      "total": 1,
      "success": 1,
      "avg_score": 0.8405472686886788,
      "avg_phase2_score": 0.8405472686886788
    }
  },
  "by_task_type": {
    "simple_task": {
      "total": 2,
      "success": 2,
      "avg_score": 0.8293769195445947,
      "avg_phase2_score": 0.8293769195445947
    }
  },
  "phase2_metrics": {
    "avg_phase2_score": 0.8293769195445947,
    "avg_quality_score": 0.7661211843541691,
    "avg_workflow_score": 0.8520344931994167,
    "full_success_rate": 0.5,
    "partial_success_rate": 0.5
  },
  "execution_metrics": {
    "avg_execution_time": 6.117955446243286,
    "avg_tool_calls": 5.5,
    "tool_success_rate": 0.8571428571428572
  },
  "comprehensive_metrics": {
    "weighted_success_score": 0.75,
    "avg_execution_steps": 5.5,
    "tool_coverage_rate": 0.13333333333333333,
    "tool_selection_accuracy": 1.0,
    "sequence_correctness_rate": 0.5,
    "prompt_sensitivity_index": 0.011170349144084102
  },
  "error_analysis": {
    "tool_selection_error_rate": 0.0,
    "param_config_error_rate": 0.0,
    "sequence_order_error_rate": 0.0,
    "dependency_error_rate": 0.0,
    "main_error_patterns": []
  },
  "task_difficulty_breakdown": {
    "simple_success_rate": 1.0,
    "medium_success_rate": 0.0,
    "hard_success_rate": 0.0
  }
}