{
  "total_tests": 4,
  "successful_tests": 4,
  "failed_tests": 0,
  "by_model": {
    "gpt-4o-mini": {
      "total": 2,
      "success": 2,
      "full_success": 1,
      "partial_success": 1,
      "avg_score": 0.8128410940319301,
      "avg_phase2_score": 0.8128410940319301,
      "avg_quality_score": 0.7340132678449154,
      "scores": [
        0.75,
        0.8756821880638601
      ],
      "phase2_scores": [
        0.75,
        0.8756821880638601
      ],
      "quality_scores": [
        0.7,
        0.7680265356898309
      ],
      "success_rate": 1.0,
      "full_success_rate": 0.5,
      "partial_success_rate": 0.5
    },
    "claude37_sonnet": {
      "total": 2,
      "success": 2,
      "full_success": 1,
      "partial_success": 1,
      "avg_score": 0.7811008415818215,
      "avg_phase2_score": 0.7811008415818215,
      "avg_quality_score": 0.8250945373773575,
      "scores": [
        0.8405472686886788,
        0.7216544144749643
      ],
      "phase2_scores": [
        0.8405472686886788,
        0.7216544144749643
      ],
      "quality_scores": [
        0.8810945373773574,
        0.7690945373773577
      ],
      "success_rate": 1.0,
      "full_success_rate": 0.5,
      "partial_success_rate": 0.5
    }
  },
  "by_prompt_type": {
    "baseline": {
      "total": 2,
      "success": 2,
      "avg_score": 0.7952736343443394,
      "avg_phase2_score": 0.7952736343443394
    },
    "optimal": {
      "total": 2,
      "success": 2,
      "avg_score": 0.7986683012694122,
      "avg_phase2_score": 0.7986683012694122
    }
  },
  "by_task_type": {
    "simple_task": {
      "total": 4,
      "success": 4,
      "avg_score": 0.7969709678068758,
      "avg_phase2_score": 0.7969709678068758
    }
  },
  "phase2_metrics": {
    "avg_phase2_score": 0.7969709678068758,
    "avg_quality_score": 0.7795539026111364,
    "avg_workflow_score": 0.8479364122258767,
    "full_success_rate": 0.5,
    "partial_success_rate": 0.5
  },
  "execution_metrics": {
    "avg_execution_time": 18.15203422307968,
    "avg_tool_calls": 4.75,
    "tool_success_rate": 0.8035714285714286
  }
}