{
  "total_tests": 18,
  "successful_tests": 16,
  "failed_tests": 2,
  "by_model": {
    "gpt-4o-mini": {
      "total": 18,
      "success": 16,
      "full_success": 3,
      "partial_success": 13,
      "avg_score": 0.7897193227075743,
      "avg_phase2_score": 0.7897193227075743,
      "avg_quality_score": 0.6786340524948948,
      "scores": [
        0.8221008415818215,
        0.7761040532493592,
        0.8618121075510979,
        0.8408927476406097,
        0.8393369299602509,
        0.8221008415818215,
        0.8408927476406097,
        0.75,
        0.425014524790446,
        0.5079645678965251,
        0.7989453126192093,
        0.8642482470671335,
        0.8389559151083231,
        0.7889258351973125,
        0.8157366844564677,
        0.8571707456622806,
        0.927375825047493,
        0.8373698816855748
      ],
      "phase2_scores": [
        0.8221008415818215,
        0.7761040532493592,
        0.8618121075510979,
        0.8408927476406097,
        0.8393369299602509,
        0.8221008415818215,
        0.8408927476406097,
        0.75,
        0.425014524790446,
        0.5079645678965251,
        0.7989453126192093,
        0.8642482470671335,
        0.8389559151083231,
        0.7889258351973125,
        0.8157366844564677,
        0.8571707456622806,
        0.927375825047493,
        0.8373698816855748
      ],
      "quality_scores": [
        0.6570945373773576,
        0.5522081064987183,
        0.7365170693159104,
        0.8817854952812194,
        0.6889881432914735,
        0.6570945373773576,
        0.8817854952812194,
        0.7,
        0.2991973014662001,
        0.48343389144897464,
        0.6215537696906499,
        0.7585285964012146,
        0.7089092302024365,
        0.6127807006767818,
        0.654431944102049,
        0.7491226407800402,
        0.8779280531406403,
        0.6940534325758616
      ],
      "weighted_success_score": 0.5277777777777778,
      "avg_execution_steps": 5.777777777777778,
      "success_rate": 0.8888888888888888,
      "full_success_rate": 0.16666666666666666,
      "partial_success_rate": 0.7222222222222222,
      "tool_coverage_rate": 0.3,
      "prompt_sensitivity_index": 0.06308074400469074
    }
  },
  "by_prompt_type": {
    "baseline": {
      "total": 2,
      "success": 1,
      "avg_score": 0.6650327047391733,
      "avg_phase2_score": 0.6650327047391733
    },
    "optimal": {
      "total": 2,
      "success": 2,
      "avg_score": 0.7875246829342842,
      "avg_phase2_score": 0.7875246829342842
    }
  },
  "by_task_type": {
    "simple_task": {
      "total": 9,
      "success": 8,
      "avg_score": 0.7753616437773352,
      "avg_phase2_score": 0.7753616437773352
    },
    "data_pipeline": {
      "total": 9,
      "success": 8,
      "avg_score": 0.8040770016378134,
      "avg_phase2_score": 0.8040770016378134
    }
  },
  "phase2_metrics": {
    "avg_phase2_score": 0.7897193227075743,
    "avg_quality_score": 0.6786340524948948,
    "avg_workflow_score": 0.792345099364208,
    "full_success_rate": 0.16666666666666666,
    "partial_success_rate": 0.7222222222222222
  },
  "execution_metrics": {
    "avg_execution_time": 5.637360784742567,
    "avg_tool_calls": 5.777777777777778,
    "tool_success_rate": 0.6372354497354498
  },
  "comprehensive_metrics": {
    "weighted_success_score": 0.5277777777777778,
    "avg_execution_steps": 5.777777777777778,
    "tool_coverage_rate": 0.3,
    "tool_selection_accuracy": 0.8703703703703703,
    "sequence_correctness_rate": 0.3396825396825397,
    "prompt_sensitivity_index": 0.06308074400469074,
    "efficiency_per_param": {}
  },
  "error_analysis": {
    "tool_selection_error_rate": 0.0,
    "param_config_error_rate": 0.0,
    "sequence_order_error_rate": 0.0,
    "dependency_error_rate": 0.0,
    "main_error_patterns": []
  },
  "task_difficulty_breakdown": {
    "simple_success_rate": 0.8888888888888888,
    "medium_success_rate": 0.8888888888888888,
    "hard_success_rate": 0.0
  },
  "robustness_metrics": {
    "sequence_disorder": 1.0,
    "tool_misuse": 1.0,
    "parameter_error": 1.0,
    "missing_step": 1.0,
    "redundant_operations": 1.0,
    "logical_inconsistency": 1.0,
    "semantic_drift": 0.5,
    "null": 0.75
  },
  "tool_reliability_sensitivity": {
    "success_rate_90": 1.0,
    "success_rate_80": 1.0,
    "success_rate_70": 0.976440062272963,
    "success_rate_60": 0.8369486248053969
  }
}